usr, nice, sys, iowait, irq, soft, steal, guest, idle
0.136666666667, 0.0, 2.05, 0.02, 0.0, 2.41333333333, 0.0, 0.0, 95.3833333333
