usr, nice, sys, iowait, irq, soft, steal, guest, idle
13.4166666667, 0.0, 50.42, 0.0, 0.0, 34.3666666667, 0.0, 0.0, 1.8
13.85, 0.0, 50.4633333333, 0.0, 0.0, 34.09, 0.0, 0.0, 1.59
13.97, 0.0, 50.3466666667, 0.0, 0.0, 34.2066666667, 0.0, 0.0, 1.48
14.2433333333, 0.0, 50.19, 0.0, 0.0, 34.0833333333, 0.0, 0.0, 1.48333333333
