usr, nice, sys, iowait, irq, soft, steal, guest, idle
13.2233333333, 0.0, 50.5866666667, 0.0, 0.0, 34.3966666667, 0.0, 0.0, 1.79333333333
13.8333333333, 0.0, 50.47, 0.0, 0.0, 34.1133333333, 0.0, 0.0, 1.58
14.0833333333, 0.0, 50.3733333333, 0.00333333333333, 0.0, 34.0566666667, 0.0, 0.0, 1.48
14.4366666667, 0.0, 50.3466666667, 0.0, 0.0, 33.7333333333, 0.0, 0.0, 1.48
