usr, nice, sys, iowait, irq, soft, steal, guest, idle
9.66333333333, 0.0, 34.8666666667, 0.02, 0.0, 16.8966666667, 0.0, 0.0, 38.5566666667
