usr, nice, sys, iowait, irq, soft, steal, guest, idle
4.84, 0.0, 18.8233333333, 0.0633333333333, 0.0, 13.97, 0.0, 0.0, 62.3033333333
