usr, nice, sys, iowait, irq, soft, steal, guest, idle
13.1166666667, 0.0, 48.9966666667, 0.0133333333333, 0.00333333333333, 33.2633333333, 0.0, 0.0, 4.60333333333
