usr, nice, sys, iowait, irq, soft, steal, guest, idle
12.29, 0.0, 48.23, 0.0, 0.00666666666667, 36.26, 0.0, 0.0, 3.22333333333
