usr, nice, sys, iowait, irq, soft, steal, guest, idle
12.52, 0.0, 49.9433333333, 0.0, 0.0, 34.0733333333, 0.0, 0.0, 3.46333333333
