usr, nice, sys, iowait, irq, soft, steal, guest, idle
11.9866666667, 0.0, 47.1566666667, 0.0, 0.00666666666667, 37.49, 0.0, 0.0, 3.37
