usr, nice, sys, iowait, irq, soft, steal, guest, idle
11.95, 0.0, 47.3333333333, 0.0, 0.00333333333333, 37.34, 0.0, 0.0, 3.37333333333
