usr, nice, sys, iowait, irq, soft, steal, guest, idle
13.4933333333, 0.0, 49.05, 0.0, 0.0, 33.9766666667, 0.0, 0.0, 3.47333333333
