usr, nice, sys, iowait, irq, soft, steal, guest, idle
12.85, 0.0, 49.5666666667, 0.0, 0.00333333333333, 34.13, 0.0, 0.0, 3.45333333333
