usr, nice, sys, iowait, irq, soft, steal, guest, idle
9.33333333333, 0.0, 33.82, 0.0233333333333, 0.0, 16.75, 0.0, 0.0, 40.07
