usr, nice, sys, iowait, irq, soft, steal, guest, idle
3.16666666667, 0.0, 11.7533333333, 0.01, 0.0, 2.58666666667, 0.0, 0.0, 82.4766666667
