usr, nice, sys, iowait, irq, soft, steal, guest, idle
7.51, 0.0, 22.4533333333, 0.02, 0.0166666666667, 7.43, 0.0, 0.0, 62.5766666667
