usr, nice, sys, iowait, irq, soft, steal, guest, idle
13.0066666667, 0.0, 49.72, 0.0, 0.0, 33.81, 0.0, 0.0, 3.46333333333
