usr, nice, sys, iowait, irq, soft, steal, guest, idle
13.4833333333, 0.0, 50.83, 0.0, 0.0, 33.89, 0.0, 0.0, 1.79666666667
