usr, nice, sys, iowait, irq, soft, steal, guest, idle
13.8933333333, 0.0, 49.4866666667, 0.0, 0.0, 33.2033333333, 0.0, 0.0, 3.42
