usr, nice, sys, iowait, irq, soft, steal, guest, idle
12.9633333333, 0.0, 47.84, 0.0, 0.0, 35.73, 0.0, 0.0, 3.46666666667
