usr, nice, sys, iowait, irq, soft, steal, guest, idle
13.54, 0.0, 51.1766666667, 0.0, 0.0, 33.48, 0.0, 0.0, 1.79666666667
