usr, nice, sys, iowait, irq, soft, steal, guest, idle
12.7466666667, 0.0, 49.6233333333, 0.0, 0.00333333333333, 34.2433333333, 0.0, 0.0, 3.38333333333
