usr, nice, sys, iowait, irq, soft, steal, guest, idle
10.6133333333, 0.0, 35.05, 0.0333333333333, 0.0, 16.88, 0.0, 0.0, 37.4233333333
