usr, nice, sys, iowait, irq, soft, steal, guest, idle
3.26333333333, 0.0, 12.4933333333, 0.02, 0.0, 1.88, 0.0, 0.0, 82.3366666667
