usr, nice, sys, iowait, irq, soft, steal, guest, idle
2.52666666667, 0.0, 7.98, 0.0266666666667, 0.0, 5.63333333333, 0.0, 0.0, 83.83
