usr, nice, sys, iowait, irq, soft, steal, guest, idle
3.21666666667, 0.0, 12.01, 0.0133333333333, 0.0, 2.27, 0.0, 0.0, 82.49
