usr, nice, sys, iowait, irq, soft, steal, guest, idle
1.42, 0.0, 6.37666666667, 0.0233333333333, 0.0366666666667, 1.30666666667, 0.0, 0.0, 90.8366666667
