usr, nice, sys, iowait, irq, soft, steal, guest, idle
9.60333333333, 0.0, 41.8233333333, 0.0266666666667, 0.0, 20.9266666667, 0.0, 0.0, 27.6133333333
