usr, nice, sys, iowait, irq, soft, steal, guest, idle
12.7566666667, 0.0, 49.53, 0.0, 0.0, 34.17, 0.0, 0.0, 3.54333333333
