usr, nice, sys, iowait, irq, soft, steal, guest, idle
0.323333333333, 0.0, 2.66333333333, 0.02, 0.0, 2.26333333333, 0.0, 0.0, 94.7233333333
