usr, nice, sys, iowait, irq, soft, steal, guest, idle
8.69333333333, 0.0, 32.4, 0.116666666667, 0.0, 16.68, 0.0, 0.0, 42.1066666667
