usr, nice, sys, iowait, irq, soft, steal, guest, idle
8.30666666667, 0.0, 31.75, 0.146666666667, 0.0, 16.6833333333, 0.0, 0.0, 43.11
