usr, nice, sys, iowait, irq, soft, steal, guest, idle
8.35666666667, 0.0, 36.6633333333, 0.0166666666667, 0.00333333333333, 21.4766666667, 0.0, 0.0, 33.49
