usr, nice, sys, iowait, irq, soft, steal, guest, idle
12.84, 0.0, 48.5933333333, 0.00333333333333, 0.00666666666667, 33.9266666667, 0.0, 0.0, 4.63333333333
