usr, nice, sys, iowait, irq, soft, steal, guest, idle
9.81333333333, 0.0, 44.4166666667, 0.02, 0.0, 20.1766666667, 0.0, 0.0, 25.5733333333
