usr, nice, sys, iowait, irq, soft, steal, guest, idle
11.3166666667, 0.0, 45.1333333333, 0.0133333333333, 0.0, 18.9033333333, 0.0, 0.0, 24.6333333333
