usr, nice, sys, iowait, irq, soft, steal, guest, idle
3.46, 0.0, 12.81, 0.03, 0.0, 1.71666666667, 0.0, 0.0, 81.99
6.02666666667, 0.0, 24.6233333333, 0.0266666666667, 0.0, 6.36, 0.0, 0.0, 62.9633333333
8.90333333333, 0.0, 34.1133333333, 0.02, 0.0, 12.3733333333, 0.0, 0.0, 44.59
10.8533333333, 0.0, 41.39, 0.02, 0.0, 19.4366666667, 0.0, 0.0, 28.2966666667
12.2433333333, 0.0, 46.7966666667, 0.0166666666667, 0.0, 26.5166666667, 0.0, 0.0, 14.42
13.04, 0.0, 50.4233333333, 0.0, 0.0, 33.16, 0.0, 0.0, 3.37666666667
13.2133333333, 0.0, 50.1, 0.0, 0.00333333333333, 32.88, 0.0, 0.0, 3.80333333333
13.0133333333, 0.0, 50.3766666667, 0.0, 0.00333333333333, 32.7533333333, 0.0, 0.0, 3.85333333333
