usr, nice, sys, iowait, irq, soft, steal, guest, idle
3.25, 0.0, 13.03, 0.0266666666667, 0.0, 1.74, 0.0, 0.0, 81.96
6.14666666667, 0.0, 24.4166666667, 0.02, 0.0, 6.37666666667, 0.0, 0.0, 63.0366666667
8.71, 0.0, 33.7833333333, 0.0233333333333, 0.0, 12.5466666667, 0.0, 0.0, 44.94
10.7666666667, 0.0, 40.8933333333, 0.0233333333333, 0.00333333333333, 19.6066666667, 0.0, 0.0, 28.7133333333
12.5666666667, 0.0, 46.7366666667, 0.0133333333333, 0.0, 26.5033333333, 0.0, 0.0, 14.1833333333
13.0766666667, 0.0, 50.2433333333, 0.0, 0.0, 33.31, 0.0, 0.0, 3.37333333333
13.0866666667, 0.0, 50.19, 0.0, 0.0, 32.9133333333, 0.0, 0.0, 3.81
13.1066666667, 0.0, 50.3666666667, 0.0, 0.00333333333333, 32.6633333333, 0.0, 0.0, 3.86666666667
