usr, nice, sys, iowait, irq, soft, steal, guest, idle
6.14666666667, 0.0, 24.4166666667, 0.02, 0.0, 6.37666666667, 0.0, 0.0, 63.0366666667
