usr, nice, sys, iowait, irq, soft, steal, guest, idle
5.11, 0.0, 19.9866666667, 0.0866666666667, 0.0, 14.2633333333, 0.0, 0.0, 60.5566666667
