usr, nice, sys, iowait, irq, soft, steal, guest, idle
5.77333333333, 0.0, 22.6533333333, 0.0233333333333, 0.0, 7.71666666667, 0.0, 0.0, 63.8333333333
