usr, nice, sys, iowait, irq, soft, steal, guest, idle
6.22, 0.0, 25.08, 0.15, 0.0, 15.8566666667, 0.0, 0.0, 52.6966666667
