usr, nice, sys, iowait, irq, soft, steal, guest, idle
6.47, 0.0, 25.7066666667, 0.156666666667, 0.0, 16.1, 0.0, 0.0, 51.5666666667
