usr, nice, sys, iowait, irq, soft, steal, guest, idle
2.65, 0.0, 7.84666666667, 0.02, 0.0, 5.66666666667, 0.0, 0.0, 83.82
