usr, nice, sys, iowait, irq, soft, steal, guest, idle
16.71, 0.0, 42.8466666667, 0.0166666666667, 0.0, 17.2333333333, 0.0, 0.0, 23.2
