usr, nice, sys, iowait, irq, soft, steal, guest, idle
12.34, 0.0, 44.14, 0.0166666666667, 0.0, 26.0366666667, 0.0, 0.0, 17.47
