usr, nice, sys, iowait, irq, soft, steal, guest, idle
15.4933333333, 0.0, 52.9066666667, 0.00333333333333, 0.0, 29.3033333333, 0.0, 0.0, 2.29333333333
