usr, nice, sys, iowait, irq, soft, steal, guest, idle
12.5666666667, 0.0, 49.1933333333, 0.0, 0.0, 34.1366666667, 0.0, 0.0, 4.11
