usr, nice, sys, iowait, irq, soft, steal, guest, idle
11.9533333333, 0.0, 31.0066666667, 0.01, 0.0333333333333, 10.5166666667, 0.0, 0.0, 46.4833333333
