usr, nice, sys, iowait, irq, soft, steal, guest, idle
9.68333333333, 0.0, 35.16, 0.02, 0.0, 17.0566666667, 0.0, 0.0, 38.09
