usr, nice, sys, iowait, irq, soft, steal, guest, idle
13.2433333333, 0.0, 50.5066666667, 0.0, 0.00333333333333, 32.75, 0.0, 0.0, 3.5
