usr, nice, sys, iowait, irq, soft, steal, guest, idle
0.52, 0.0, 3.48333333333, 0.0166666666667, 0.0, 3.79333333333, 0.0, 0.0, 92.1833333333
