usr, nice, sys, iowait, irq, soft, steal, guest, idle
2.44, 0.0, 8.13, 0.0233333333333, 0.0, 5.58666666667, 0.0, 0.0, 83.8233333333
