usr, nice, sys, iowait, irq, soft, steal, guest, idle
8.99, 0.0, 39.4066666667, 0.02, 0.0, 21.73, 0.0, 0.0, 29.8566666667
