usr, nice, sys, iowait, irq, soft, steal, guest, idle
4.36666666667, 0.0, 17.67, 0.0166666666667, 0.186666666667, 6.45, 0.0, 0.0, 71.3066666667
