usr, nice, sys, iowait, irq, soft, steal, guest, idle
10.5733333333, 0.0, 38.4566666667, 0.02, 0.0, 19.6666666667, 0.0, 0.0, 31.29
