usr, nice, sys, iowait, irq, soft, steal, guest, idle
14.32, 0.0, 51.4833333333, 0.0, 0.0, 31.3433333333, 0.0, 0.0, 2.85333333333
