usr, nice, sys, iowait, irq, soft, steal, guest, idle
10.58, 0.0, 39.49, 0.02, 0.0, 20.3366666667, 0.0, 0.0, 29.5733333333
