usr, nice, sys, iowait, irq, soft, steal, guest, idle
8.34666666667, 0.0, 31.7, 0.0166666666667, 0.0, 13.0966666667, 0.0, 0.0, 46.8366666667
