usr, nice, sys, iowait, irq, soft, steal, guest, idle
8.74333333333, 0.0, 33.9666666667, 0.04, 0.0, 16.6033333333, 0.0, 0.0, 40.6433333333
