usr, nice, sys, iowait, irq, soft, steal, guest, idle
13.1966666667, 0.0, 49.5433333333, 0.0, 0.00333333333333, 33.7633333333, 0.0, 0.0, 3.49
