usr, nice, sys, iowait, irq, soft, steal, guest, idle
12.05, 0.0, 47.8333333333, 0.0, 0.00333333333333, 36.7433333333, 0.0, 0.0, 3.37
