usr, nice, sys, iowait, irq, soft, steal, guest, idle
9.96666666667, 0.0, 34.7266666667, 0.0233333333333, 0.0, 16.74, 0.0, 0.0, 38.5466666667
