usr, nice, sys, iowait, irq, soft, steal, guest, idle
8.17333333333, 0.0, 30.9433333333, 0.13, 0.0, 16.6833333333, 0.0, 0.0, 44.0766666667
