usr, nice, sys, iowait, irq, soft, steal, guest, idle
9.25333333333, 0.0, 36.31, 0.0166666666667, 0.02, 16.71, 0.0, 0.0, 37.6866666667
