usr, nice, sys, iowait, irq, soft, steal, guest, idle
8.28333333333, 0.0, 31.6966666667, 0.133333333333, 0.0, 16.6766666667, 0.0, 0.0, 43.2066666667
