usr, nice, sys, iowait, irq, soft, steal, guest, idle
14.57, 0.0, 51.2766666667, 0.00333333333333, 0.01, 30.6233333333, 0.0, 0.0, 3.51333333333
