usr, nice, sys, iowait, irq, soft, steal, guest, idle
12.46, 0.0, 44.66, 0.00666666666667, 0.17, 30.8, 0.0, 0.0, 11.9066666667
