usr, nice, sys, iowait, irq, soft, steal, guest, idle
3.05, 0.0, 9.83333333333, 0.02, 0.0, 4.14666666667, 0.0, 0.0, 82.9533333333
