usr, nice, sys, iowait, irq, soft, steal, guest, idle
2.77333333333, 0.0, 10.0866666667, 0.02, 0.0, 4.19333333333, 0.0, 0.0, 82.93
