usr, nice, sys, iowait, irq, soft, steal, guest, idle
8.73333333333, 0.0, 32.89, 0.0433333333333, 0.0, 16.7733333333, 0.0, 0.0, 41.56
