usr, nice, sys, iowait, irq, soft, steal, guest, idle
12.7833333333, 0.0, 47.1666666667, 0.0233333333333, 0.00333333333333, 25.1633333333, 0.0, 0.0, 14.8666666667
