usr, nice, sys, iowait, irq, soft, steal, guest, idle
9.69333333333, 0.0, 34.7933333333, 0.02, 0.0, 16.95, 0.0, 0.0, 38.5466666667
