usr, nice, sys, iowait, irq, soft, steal, guest, idle
11.0433333333, 0.0, 49.5933333333, 0.0, 0.00333333333333, 35.55, 0.0, 0.0, 3.80666666667
