usr, nice, sys, iowait, irq, soft, steal, guest, idle
9.72, 0.0, 34.5666666667, 0.03, 0.0, 16.93, 0.0, 0.0, 38.7533333333
