usr, nice, sys, iowait, irq, soft, steal, guest, idle
12.7333333333, 0.0, 49.7833333333, 0.0, 0.0, 33.6466666667, 0.0, 0.0, 3.83666666667
