usr, nice, sys, iowait, irq, soft, steal, guest, idle
13.3433333333, 0.0, 50.9833333333, 0.0, 0.0, 33.8733333333, 0.0, 0.0, 1.8
