usr, nice, sys, iowait, irq, soft, steal, guest, idle
13.31, 0.0, 51.08, 0.0, 0.00333333333333, 33.8166666667, 0.0, 0.0, 1.79
