usr, nice, sys, iowait, irq, soft, steal, guest, idle
12.78, 0.0, 49.7466666667, 0.0, 0.0, 34.02, 0.0, 0.0, 3.45333333333
