usr, nice, sys, iowait, irq, soft, steal, guest, idle
14.0833333333, 0.0, 50.3733333333, 0.00333333333333, 0.0, 34.0566666667, 0.0, 0.0, 1.48
