usr, nice, sys, iowait, irq, soft, steal, guest, idle
11.2366666667, 0.0, 41.6866666667, 0.0233333333333, 0.0, 18.1766666667, 0.0, 0.0, 28.8766666667
