usr, nice, sys, iowait, irq, soft, steal, guest, idle
14.75, 0.0, 42.57, 0.0166666666667, 0.0, 17.0066666667, 0.0, 0.0, 25.6566666667
