usr, nice, sys, iowait, irq, soft, steal, guest, idle
14.8366666667, 0.0, 51.1866666667, 0.00666666666667, 0.00333333333333, 30.8466666667, 0.0, 0.0, 3.12
