usr, nice, sys, iowait, irq, soft, steal, guest, idle
16.2166666667, 0.0, 50.5433333333, 0.0, 0.0166666666667, 26.5166666667, 0.0, 0.0, 6.70666666667
