usr, nice, sys, iowait, irq, soft, steal, guest, idle
5.30333333333, 0.0, 20.9533333333, 0.02, 0.03, 6.1, 0.0, 0.0, 67.6066666667
