usr, nice, sys, iowait, irq, soft, steal, guest, idle
5.56333333333, 0.0, 21.8166666667, 0.0133333333333, 0.0233333333333, 6.46, 0.0, 0.0, 66.12
