usr, nice, sys, iowait, irq, soft, steal, guest, idle
3.32, 0.0, 12.6433333333, 0.02, 0.0, 1.84333333333, 0.0, 0.0, 82.17
