usr, nice, sys, iowait, irq, soft, steal, guest, idle
2.39333333333, 0.0, 8.13333333333, 0.02, 0.0, 5.63666666667, 0.0, 0.0, 83.8166666667
