usr, nice, sys, iowait, irq, soft, steal, guest, idle
3.00666666667, 0.0, 11.9133333333, 0.0266666666667, 0.0, 2.49, 0.0, 0.0, 82.56
