usr, nice, sys, iowait, irq, soft, steal, guest, idle
11.2133333333, 0.0, 48.64, 0.0, 0.00333333333333, 36.7033333333, 0.0, 0.0, 3.44666666667
