usr, nice, sys, iowait, irq, soft, steal, guest, idle
9.90666666667, 0.0, 34.4333333333, 0.0233333333333, 0.0, 16.85, 0.0, 0.0, 38.7866666667
