usr, nice, sys, iowait, irq, soft, steal, guest, idle
9.82333333333, 0.0, 34.7166666667, 0.04, 0.0, 16.8633333333, 0.0, 0.0, 38.5566666667
