usr, nice, sys, iowait, irq, soft, steal, guest, idle
13.4866666667, 0.0, 49.99, 0.0, 0.00666666666667, 32.5, 0.0, 0.0, 4.01666666667
