usr, nice, sys, iowait, irq, soft, steal, guest, idle
13.15, 0.0, 49.8066666667, 0.0, 0.0, 33.58, 0.0, 0.0, 3.46333333333
