usr, nice, sys, iowait, irq, soft, steal, guest, idle
13.13, 0.0, 49.4666666667, 0.0, 0.00666666666667, 33.9333333333, 0.0, 0.0, 3.46666666667
