usr, nice, sys, iowait, irq, soft, steal, guest, idle
8.23666666667, 0.0, 30.9233333333, 0.02, 0.0, 14.21, 0.0, 0.0, 46.6033333333
