usr, nice, sys, iowait, irq, soft, steal, guest, idle
7.43, 0.0, 33.4266666667, 0.02, 0.00333333333333, 14.1733333333, 0.0, 0.0, 44.95
