usr, nice, sys, iowait, irq, soft, steal, guest, idle
8.16666666667, 0.0, 31.08, 0.136666666667, 0.0, 16.4466666667, 0.0, 0.0, 44.1633333333
