usr, nice, sys, iowait, irq, soft, steal, guest, idle
7.98, 0.0, 31.2733333333, 0.113333333333, 0.0, 16.4366666667, 0.0, 0.0, 44.1966666667
