usr, nice, sys, iowait, irq, soft, steal, guest, idle
9.77333333333, 0.0, 35.2433333333, 0.0166666666667, 0.0, 16.9833333333, 0.0, 0.0, 37.9833333333
