usr, nice, sys, iowait, irq, soft, steal, guest, idle
10.6466666667, 0.0, 39.5866666667, 0.02, 0.0, 19.3833333333, 0.0, 0.0, 30.3633333333
