usr, nice, sys, iowait, irq, soft, steal, guest, idle
12.2666666667, 0.0, 46.36, 0.0166666666667, 0.0, 26.8166666667, 0.0, 0.0, 14.5433333333
