usr, nice, sys, iowait, irq, soft, steal, guest, idle
3.83, 0.0, 10.1633333333, 0.0166666666667, 0.01, 2.2, 0.0, 0.0, 83.7833333333
