usr, nice, sys, iowait, irq, soft, steal, guest, idle
12.1566666667, 0.0, 47.68, 0.0, 0.00666666666667, 36.7833333333, 0.0, 0.0, 3.37
