usr, nice, sys, iowait, irq, soft, steal, guest, idle
12.2833333333, 0.0, 47.0233333333, 0.0, 0.0, 37.3233333333, 0.0, 0.0, 3.37333333333
