usr, nice, sys, iowait, irq, soft, steal, guest, idle
8.17666666667, 0.0, 32.6266666667, 0.02, 0.0, 15.5966666667, 0.0, 0.0, 43.5766666667
