usr, nice, sys, iowait, irq, soft, steal, guest, idle
14.2433333333, 0.0, 50.19, 0.0, 0.0, 34.0833333333, 0.0, 0.0, 1.48333333333
