usr, nice, sys, iowait, irq, soft, steal, guest, idle
14.4366666667, 0.0, 50.3466666667, 0.0, 0.0, 33.7333333333, 0.0, 0.0, 1.48
