usr, nice, sys, iowait, irq, soft, steal, guest, idle
13.2933333333, 0.0, 51.2366666667, 0.0, 0.0, 33.6566666667, 0.0, 0.0, 1.80666666667
