usr, nice, sys, iowait, irq, soft, steal, guest, idle
13.3966666667, 0.0, 49.27, 0.0, 0.0, 33.88, 0.0, 0.0, 3.45666666667
