usr, nice, sys, iowait, irq, soft, steal, guest, idle
5.82666666667, 0.0, 22.1366666667, 0.113333333333, 0.0, 15.0533333333, 0.0, 0.0, 56.8666666667
