usr, nice, sys, iowait, irq, soft, steal, guest, idle
5.24, 0.0, 24.97, 0.01, 0.0, 7.16333333333, 0.0, 0.0, 62.6266666667
