usr, nice, sys, iowait, irq, soft, steal, guest, idle
6.24, 0.0, 25.4133333333, 0.01, 0.0, 6.05333333333, 0.0, 0.0, 62.28
