usr, nice, sys, iowait, irq, soft, steal, guest, idle
14.3166666667, 0.0, 48.2966666667, 0.00333333333333, 0.0, 34.43, 0.0, 0.0, 2.95666666667
