usr, nice, sys, iowait, irq, soft, steal, guest, idle
5.76, 0.0, 22.2166666667, 0.113333333333, 0.0, 15.04, 0.0, 0.0, 56.8733333333
