usr, nice, sys, iowait, irq, soft, steal, guest, idle
3.22666666667, 0.0, 11.6966666667, 0.0166666666667, 0.0, 2.48, 0.0, 0.0, 82.58
