usr, nice, sys, iowait, irq, soft, steal, guest, idle
2.45, 0.0, 11.05, 0.0233333333333, 0.07, 2.68333333333, 0.0, 0.0, 83.7233333333
