usr, nice, sys, iowait, irq, soft, steal, guest, idle
13.1366666667, 0.0, 50.19, 0.0, 0.00333333333333, 33.25, 0.0, 0.0, 3.41666666667
