usr, nice, sys, iowait, irq, soft, steal, guest, idle
13.2133333333, 0.0, 50.1, 0.0, 0.00333333333333, 32.88, 0.0, 0.0, 3.80333333333
