usr, nice, sys, iowait, irq, soft, steal, guest, idle
9.70333333333, 0.0, 34.5733333333, 0.0233333333333, 0.0, 16.9333333333, 0.0, 0.0, 38.7666666667
