usr, nice, sys, iowait, irq, soft, steal, guest, idle
13.0666666667, 0.0, 49.52, 0.0, 0.0, 33.5666666667, 0.0, 0.0, 3.84666666667
