usr, nice, sys, iowait, irq, soft, steal, guest, idle
10.12, 0.0, 35.0866666667, 0.02, 0.00333333333333, 16.9833333333, 0.0, 0.0, 37.7866666667
