usr, nice, sys, iowait, irq, soft, steal, guest, idle
6.93333333333, 0.0, 23.5833333333, 0.01, 0.25, 8.53333333333, 0.0, 0.0, 60.69
