usr, nice, sys, iowait, irq, soft, steal, guest, idle
9.09, 0.0, 40.5733333333, 0.03, 0.00333333333333, 21.3466666667, 0.0, 0.0, 28.9633333333
