usr, nice, sys, iowait, irq, soft, steal, guest, idle
8.34, 0.0, 31.6533333333, 0.06, 0.0, 16.3966666667, 0.0, 0.0, 43.5566666667
