usr, nice, sys, iowait, irq, soft, steal, guest, idle
13.5833333333, 0.0, 51.0933333333, 0.0, 0.00333333333333, 34.5233333333, 0.0, 0.0, 0.793333333333
