usr, nice, sys, iowait, irq, soft, steal, guest, idle
6.43, 0.0, 24.2966666667, 0.0166666666667, 0.0, 5.79, 0.0, 0.0, 63.47
