usr, nice, sys, iowait, irq, soft, steal, guest, idle
0.376666666667, 0.0, 2.91333333333, 0.02, 0.0, 3.00666666667, 0.0, 0.0, 93.69
