usr, nice, sys, iowait, irq, soft, steal, guest, idle
3.28333333333, 0.0, 12.23, 0.0133333333333, 0.0, 2.12, 0.0, 0.0, 82.3566666667
