usr, nice, sys, iowait, irq, soft, steal, guest, idle
9.86, 0.0, 35.8666666667, 0.02, 0.0, 17.03, 0.0, 0.0, 37.2266666667
