usr, nice, sys, iowait, irq, soft, steal, guest, idle
15.0366666667, 0.0, 50.32, 0.0, 0.0, 31.6866666667, 0.0, 0.0, 2.95666666667
