usr, nice, sys, iowait, irq, soft, steal, guest, idle
13.5566666667, 0.0, 51.5033333333, 0.0, 0.0, 33.1466666667, 0.0, 0.0, 1.79666666667
