usr, nice, sys, iowait, irq, soft, steal, guest, idle
13.4333333333, 0.0, 50.4566666667, 0.0, 0.0, 32.6733333333, 0.0, 0.0, 3.44
