usr, nice, sys, iowait, irq, soft, steal, guest, idle
6.66, 0.0, 24.6966666667, 0.02, 0.0, 5.39333333333, 0.0, 0.0, 63.2333333333
