usr, nice, sys, iowait, irq, soft, steal, guest, idle
0.486666666667, 0.0, 3.68666666667, 0.0266666666667, 0.0, 3.71333333333, 0.0, 0.0, 92.0933333333
