usr, nice, sys, iowait, irq, soft, steal, guest, idle
6.30333333333, 0.0, 25.0466666667, 0.02, 0.0, 5.96333333333, 0.0, 0.0, 62.6666666667
