usr, nice, sys, iowait, irq, soft, steal, guest, idle
6.02666666667, 0.0, 24.6233333333, 0.0266666666667, 0.0, 6.36, 0.0, 0.0, 62.9633333333
