usr, nice, sys, iowait, irq, soft, steal, guest, idle
10.6166666667, 0.0, 40.2233333333, 0.0233333333333, 0.0, 19.8066666667, 0.0, 0.0, 29.33
