usr, nice, sys, iowait, irq, soft, steal, guest, idle
15.11, 0.0, 52.1166666667, 0.0, 0.0, 30.4933333333, 0.0, 0.0, 2.28333333333
