usr, nice, sys, iowait, irq, soft, steal, guest, idle
8.70333333333, 0.0, 39.19, 0.0166666666667, 0.0, 20.9966666667, 0.0, 0.0, 31.09
