usr, nice, sys, iowait, irq, soft, steal, guest, idle
8.90666666667, 0.0, 33.84, 0.0366666666667, 0.0, 16.61, 0.0, 0.0, 40.6066666667
