usr, nice, sys, iowait, irq, soft, steal, guest, idle
8.76, 0.0, 33.27, 0.113333333333, 0.0, 16.6633333333, 0.0, 0.0, 41.2
