usr, nice, sys, iowait, irq, soft, steal, guest, idle
10.05, 0.0, 43.28, 0.0233333333333, 0.00333333333333, 20.2433333333, 0.0, 0.0, 26.4033333333
