usr, nice, sys, iowait, irq, soft, steal, guest, idle
10.6733333333, 0.0, 41.82, 0.02, 0.0, 19.91, 0.0, 0.0, 27.5666666667
