usr, nice, sys, iowait, irq, soft, steal, guest, idle
9.59666666667, 0.0, 34.26, 0.02, 0.0, 11.1966666667, 0.0, 0.0, 44.93
