usr, nice, sys, iowait, irq, soft, steal, guest, idle
12.9466666667, 0.0, 49.7566666667, 0.0, 0.00333333333333, 33.3266666667, 0.0, 0.0, 3.96666666667
