usr, nice, sys, iowait, irq, soft, steal, guest, idle
9.73333333333, 0.0, 43.8733333333, 0.0133333333333, 0.0, 20.5233333333, 0.0, 0.0, 25.8566666667
