usr, nice, sys, iowait, irq, soft, steal, guest, idle
0.82, 0.0, 4.37333333333, 0.02, 0.0, 5.05333333333, 0.0, 0.0, 89.74
