usr, nice, sys, iowait, irq, soft, steal, guest, idle
13.19, 0.0, 50.0566666667, 0.0, 0.0, 33.3766666667, 0.0, 0.0, 3.37666666667
