usr, nice, sys, iowait, irq, soft, steal, guest, idle
14.2166666667, 0.0, 51.4666666667, 0.0, 0.0, 31.3466666667, 0.0, 0.0, 2.96666666667
