usr, nice, sys, iowait, irq, soft, steal, guest, idle
15.07, 0.0, 49.7833333333, 0.0, 0.0366666666667, 23.6133333333, 0.0, 0.0, 11.5
