usr, nice, sys, iowait, irq, soft, steal, guest, idle
6.0, 0.0, 22.68, 0.0233333333333, 0.0, 7.56333333333, 0.0, 0.0, 63.7366666667
