usr, nice, sys, iowait, irq, soft, steal, guest, idle
14.3666666667, 0.0, 51.43, 0.0, 0.0, 31.2266666667, 0.0, 0.0, 2.97666666667
