usr, nice, sys, iowait, irq, soft, steal, guest, idle
3.31, 0.0, 12.8633333333, 0.0266666666667, 0.0, 1.58, 0.0, 0.0, 82.2166666667
