usr, nice, sys, iowait, irq, soft, steal, guest, idle
3.19666666667, 0.0, 13.1466666667, 0.01, 0.0, 1.51, 0.0, 0.0, 82.13
