usr, nice, sys, iowait, irq, soft, steal, guest, idle
3.12333333333, 0.0, 12.1933333333, 0.0133333333333, 0.0, 2.22, 0.0, 0.0, 82.45
