usr, nice, sys, iowait, irq, soft, steal, guest, idle
2.67666666667, 0.0, 7.87666666667, 0.0166666666667, 0.00666666666667, 1.61, 0.0, 0.0, 87.8166666667
