usr, nice, sys, iowait, irq, soft, steal, guest, idle
9.45, 0.0, 31.9766666667, 0.0233333333333, 0.04, 7.07, 0.0, 0.0, 51.4433333333
