usr, nice, sys, iowait, irq, soft, steal, guest, idle
14.8166666667, 0.0, 51.17, 0.00333333333333, 0.00666666666667, 30.93, 0.0, 0.0, 3.07666666667
