usr, nice, sys, iowait, irq, soft, steal, guest, idle
3.21666666667, 0.0, 12.3366666667, 0.0166666666667, 0.0, 2.06333333333, 0.0, 0.0, 82.3666666667
