usr, nice, sys, iowait, irq, soft, steal, guest, idle
6.27, 0.0, 19.9166666667, 0.0133333333333, 0.00666666666667, 0.866666666667, 0.0, 0.0, 72.9333333333
