usr, nice, sys, iowait, irq, soft, steal, guest, idle
8.07666666667, 0.0, 31.3566666667, 0.09, 0.0, 16.4133333333, 0.0, 0.0, 44.06
