usr, nice, sys, iowait, irq, soft, steal, guest, idle
3.15333333333, 0.0, 13.5066666667, 0.0166666666667, 0.01, 2.56, 0.0, 0.0, 80.7533333333
