usr, nice, sys, iowait, irq, soft, steal, guest, idle
2.32333333333, 0.0, 10.22, 0.0133333333333, 0.00666666666667, 1.48333333333, 0.0, 0.0, 85.9566666667
