usr, nice, sys, iowait, irq, soft, steal, guest, idle
13.0566666667, 0.0, 49.56, 0.0, 0.00333333333333, 33.9333333333, 0.0, 0.0, 3.45
