usr, nice, sys, iowait, irq, soft, steal, guest, idle
13.4666666667, 0.0, 50.4266666667, 0.0, 0.0133333333333, 31.98, 0.0, 0.0, 4.11333333333
