usr, nice, sys, iowait, irq, soft, steal, guest, idle
13.6433333333, 0.0, 51.4833333333, 0.0, 0.0, 31.8866666667, 0.0, 0.0, 2.98333333333
