usr, nice, sys, iowait, irq, soft, steal, guest, idle
12.2433333333, 0.0, 40.7666666667, 0.01, 0.0433333333333, 18.41, 0.0, 0.0, 28.5233333333
