usr, nice, sys, iowait, irq, soft, steal, guest, idle
3.06333333333, 0.0, 12.5533333333, 0.0133333333333, 0.0, 2.09666666667, 0.0, 0.0, 82.28
