usr, nice, sys, iowait, irq, soft, steal, guest, idle
12.89, 0.0, 49.2366666667, 0.0, 0.00666666666667, 33.2033333333, 0.0, 0.0, 4.66666666667
