usr, nice, sys, iowait, irq, soft, steal, guest, idle
13.43, 0.0, 51.8, 0.00333333333333, 0.00666666666667, 25.4833333333, 0.0, 0.0, 9.27666666667
