usr, nice, sys, iowait, irq, soft, steal, guest, idle
0.873333333333, 0.0, 5.19, 0.0266666666667, 0.0266666666667, 1.00333333333, 0.0, 0.0, 92.8766666667
