usr, nice, sys, iowait, irq, soft, steal, guest, idle
3.08, 0.0, 12.03, 0.0266666666667, 0.0, 2.36, 0.0, 0.0, 82.5033333333
