usr, nice, sys, iowait, irq, soft, steal, guest, idle
12.9266666667, 0.0, 49.8133333333, 0.0, 0.0, 33.8, 0.0, 0.0, 3.45333333333
