usr, nice, sys, iowait, irq, soft, steal, guest, idle
13.63, 0.0, 49.2166666667, 0.00333333333333, 0.0, 33.6733333333, 0.0, 0.0, 3.47666666667
