usr, nice, sys, iowait, irq, soft, steal, guest, idle
12.9233333333, 0.0, 49.8166666667, 0.00333333333333, 0.00333333333333, 33.7966666667, 0.0, 0.0, 3.46333333333
