usr, nice, sys, iowait, irq, soft, steal, guest, idle
11.5066666667, 0.0, 49.67, 0.0, 0.0, 34.4733333333, 0.0, 0.0, 4.34666666667
