usr, nice, sys, iowait, irq, soft, steal, guest, idle
9.64333333333, 0.0, 35.2033333333, 0.02, 0.0, 17.0233333333, 0.0, 0.0, 38.11
