usr, nice, sys, iowait, irq, soft, steal, guest, idle
9.89333333333, 0.0, 35.0866666667, 0.0266666666667, 0.0, 16.9866666667, 0.0, 0.0, 38.01
