usr, nice, sys, iowait, irq, soft, steal, guest, idle
12.81, 0.0, 48.7466666667, 0.0, 0.00333333333333, 33.91, 0.0, 0.0, 4.53
