usr, nice, sys, iowait, irq, soft, steal, guest, idle
9.00666666667, 0.0, 33.4866666667, 0.06, 0.0, 16.5966666667, 0.0, 0.0, 40.8433333333
