usr, nice, sys, iowait, irq, soft, steal, guest, idle
9.01333333333, 0.0, 33.1566666667, 0.116666666667, 0.0, 16.6466666667, 0.0, 0.0, 41.0733333333
