usr, nice, sys, iowait, irq, soft, steal, guest, idle
9.00333333333, 0.0, 33.2466666667, 0.07, 0.0, 16.63, 0.0, 0.0, 41.05
