usr, nice, sys, iowait, irq, soft, steal, guest, idle
9.55333333333, 0.0, 44.0766666667, 0.0166666666667, 0.0, 20.5233333333, 0.0, 0.0, 25.8233333333
