usr, nice, sys, iowait, irq, soft, steal, guest, idle
14.71, 0.0, 51.4766666667, 0.00333333333333, 0.00333333333333, 30.24, 0.0, 0.0, 3.56666666667
