usr, nice, sys, iowait, irq, soft, steal, guest, idle
14.2666666667, 0.0, 51.3233333333, 0.00333333333333, 0.0, 31.65, 0.0, 0.0, 2.75333333333
