usr, nice, sys, iowait, irq, soft, steal, guest, idle
3.20333333333, 0.0, 12.24, 0.0266666666667, 0.0, 2.13666666667, 0.0, 0.0, 82.3933333333
