usr, nice, sys, iowait, irq, soft, steal, guest, idle
3.22333333333, 0.0, 11.6466666667, 0.0266666666667, 0.0, 2.5, 0.0, 0.0, 82.61
