usr, nice, sys, iowait, irq, soft, steal, guest, idle
2.93, 0.0, 10.1566666667, 0.0266666666667, 0.0, 3.89, 0.0, 0.0, 83.0
