usr, nice, sys, iowait, irq, soft, steal, guest, idle
9.63666666667, 0.0, 34.97, 0.0333333333333, 0.0, 17.0033333333, 0.0, 0.0, 38.3633333333
