usr, nice, sys, iowait, irq, soft, steal, guest, idle
12.4466666667, 0.0, 49.4233333333, 0.00333333333333, 0.0, 33.6666666667, 0.0, 0.0, 4.46
