usr, nice, sys, iowait, irq, soft, steal, guest, idle
9.49666666667, 0.0, 34.9466666667, 0.0233333333333, 0.0, 17.09, 0.0, 0.0, 38.4466666667
