usr, nice, sys, iowait, irq, soft, steal, guest, idle
0.833333333333, 0.0, 4.75333333333, 0.02, 0.0, 0.553333333333, 0.0, 0.0, 93.8366666667
