usr, nice, sys, iowait, irq, soft, steal, guest, idle
14.9366666667, 0.0, 51.1233333333, 0.0, 0.00333333333333, 30.82, 0.0, 0.0, 3.12
