usr, nice, sys, iowait, irq, soft, steal, guest, idle
12.17, 0.0, 44.5166666667, 0.00666666666667, 0.173333333333, 30.47, 0.0, 0.0, 12.6633333333
