usr, nice, sys, iowait, irq, soft, steal, guest, idle
9.81666666667, 0.0, 35.17, 0.0333333333333, 0.0, 16.9133333333, 0.0, 0.0, 38.0666666667
