usr, nice, sys, iowait, irq, soft, steal, guest, idle
9.88333333333, 0.0, 34.97, 0.02, 0.0, 17.0066666667, 0.0, 0.0, 38.1166666667
