usr, nice, sys, iowait, irq, soft, steal, guest, idle
11.3866666667, 0.0, 50.71, 0.00333333333333, 0.0, 33.8366666667, 0.0, 0.0, 4.06666666667
