usr, nice, sys, iowait, irq, soft, steal, guest, idle
14.47, 0.0, 51.6666666667, 0.0, 0.0, 30.9033333333, 0.0, 0.0, 2.96666666667
