usr, nice, sys, iowait, irq, soft, steal, guest, idle
13.0933333333, 0.0, 51.1666666667, 0.0, 0.0, 33.9533333333, 0.0, 0.0, 1.79
