usr, nice, sys, iowait, irq, soft, steal, guest, idle
10.3133333333, 0.0, 40.25, 0.0166666666667, 0.00333333333333, 20.56, 0.0, 0.0, 28.86
