usr, nice, sys, iowait, irq, soft, steal, guest, idle
13.3133333333, 0.0, 49.51, 0.0, 0.0, 33.72, 0.0, 0.0, 3.45333333333
