usr, nice, sys, iowait, irq, soft, steal, guest, idle
3.21666666667, 0.0, 12.3366666667, 0.0166666666667, 0.0, 2.06333333333, 0.0, 0.0, 82.3666666667
5.98, 0.0, 22.0066666667, 0.0233333333333, 0.0, 7.28, 0.0, 0.0, 64.72
8.64, 0.0, 31.0466666667, 0.0166666666667, 0.0, 13.07, 0.0, 0.0, 47.2233333333
10.5733333333, 0.0, 38.4566666667, 0.02, 0.0, 19.6666666667, 0.0, 0.0, 31.29
12.7833333333, 0.0, 47.1666666667, 0.0233333333333, 0.00333333333333, 25.1633333333, 0.0, 0.0, 14.8666666667
13.8933333333, 0.0, 51.58, 0.0, 0.0, 31.5633333333, 0.0, 0.0, 2.96666666667
14.41, 0.0, 51.7, 0.0, 0.0, 31.0033333333, 0.0, 0.0, 2.88666666667
14.57, 0.0, 51.2766666667, 0.00333333333333, 0.01, 30.6233333333, 0.0, 0.0, 3.51333333333
14.8166666667, 0.0, 51.17, 0.00333333333333, 0.00666666666667, 30.93, 0.0, 0.0, 3.07666666667
