usr, nice, sys, iowait, irq, soft, steal, guest, idle
9.75333333333, 0.0, 35.3866666667, 0.02, 0.0, 17.01, 0.0, 0.0, 37.8366666667
