usr, nice, sys, iowait, irq, soft, steal, guest, idle
13.79, 0.0, 51.3566666667, 0.0, 0.0, 31.77, 0.0, 0.0, 3.08333333333
