usr, nice, sys, iowait, irq, soft, steal, guest, idle
12.5366666667, 0.0, 50.0766666667, 0.0, 0.0, 33.89, 0.0, 0.0, 3.49333333333
