usr, nice, sys, iowait, irq, soft, steal, guest, idle
4.97, 0.0, 19.7666666667, 0.0733333333333, 0.0, 14.23, 0.0, 0.0, 60.9533333333
