usr, nice, sys, iowait, irq, soft, steal, guest, idle
13.2233333333, 0.0, 50.5866666667, 0.0, 0.0, 34.3966666667, 0.0, 0.0, 1.79333333333
