usr, nice, sys, iowait, irq, soft, steal, guest, idle
13.51, 0.0, 51.29, 0.00333333333333, 0.0, 31.74, 0.0, 0.0, 3.45666666667
