usr, nice, sys, iowait, irq, soft, steal, guest, idle
10.9666666667, 0.0, 39.5866666667, 0.0266666666667, 0.0, 19.1466666667, 0.0, 0.0, 30.2733333333
