usr, nice, sys, iowait, irq, soft, steal, guest, idle
6.79333333333, 0.0, 24.66, 0.05, 0.0, 15.3933333333, 0.0, 0.0, 53.1066666667
