usr, nice, sys, iowait, irq, soft, steal, guest, idle
8.06, 0.0, 30.0566666667, 0.13, 0.0, 16.7333333333, 0.0, 0.0, 45.0233333333
