usr, nice, sys, iowait, irq, soft, steal, guest, idle
6.30333333333, 0.0, 23.33, 0.0266666666667, 0.0, 15.0533333333, 0.0, 0.0, 55.2833333333
