usr, nice, sys, iowait, irq, soft, steal, guest, idle
8.0, 0.0, 30.5233333333, 0.0266666666667, 0.05, 7.29333333333, 0.0, 0.0, 54.11
