usr, nice, sys, iowait, irq, soft, steal, guest, idle
13.3266666667, 0.0, 49.9966666667, 0.0, 0.00333333333333, 33.3133333333, 0.0, 0.0, 3.36666666667
