usr, nice, sys, iowait, irq, soft, steal, guest, idle
1.34666666667, 0.0, 6.36666666667, 0.02, 0.0, 1.28666666667, 0.0, 0.0, 90.9766666667
