usr, nice, sys, iowait, irq, soft, steal, guest, idle
10.5966666667, 0.0, 39.2266666667, 0.0166666666667, 0.0, 20.6166666667, 0.0, 0.0, 29.5366666667
