usr, nice, sys, iowait, irq, soft, steal, guest, idle
9.66333333333, 0.0, 44.9566666667, 0.02, 0.0, 19.85, 0.0, 0.0, 25.51
