usr, nice, sys, iowait, irq, soft, steal, guest, idle
8.75, 0.0, 33.9, 0.0233333333333, 0.0, 12.45, 0.0, 0.0, 44.8733333333
