usr, nice, sys, iowait, irq, soft, steal, guest, idle
13.7033333333, 0.0, 53.8766666667, 0.00333333333333, 0.00666666666667, 21.46, 0.0, 0.0, 10.9533333333
