usr, nice, sys, iowait, irq, soft, steal, guest, idle
10.0533333333, 0.0, 35.1266666667, 0.0266666666667, 0.0, 17.0766666667, 0.0, 0.0, 37.7133333333
