usr, nice, sys, iowait, irq, soft, steal, guest, idle
11.27, 0.0, 49.83, 0.0, 0.0, 34.3633333333, 0.0, 0.0, 4.53666666667
