usr, nice, sys, iowait, irq, soft, steal, guest, idle
9.82, 0.0, 35.1033333333, 0.02, 0.0, 17.1233333333, 0.0, 0.0, 37.93
