usr, nice, sys, iowait, irq, soft, steal, guest, idle
13.2833333333, 0.0, 50.5666666667, 0.0, 0.0, 34.3533333333, 0.0, 0.0, 1.79333333333
