usr, nice, sys, iowait, irq, soft, steal, guest, idle
13.5533333333, 0.0, 49.6466666667, 0.0, 0.0, 33.3166666667, 0.0, 0.0, 3.48666666667
