usr, nice, sys, iowait, irq, soft, steal, guest, idle
9.69, 0.0, 34.64, 0.02, 0.0, 16.8466666667, 0.0, 0.0, 38.8033333333
