usr, nice, sys, iowait, irq, soft, steal, guest, idle
2.55666666667, 0.0, 8.27333333333, 0.03, 0.0, 5.31666666667, 0.0, 0.0, 83.8266666667
