usr, nice, sys, iowait, irq, soft, steal, guest, idle
13.09, 0.0, 49.3266666667, 0.0, 0.0, 34.04, 0.0, 0.0, 3.53666666667
