usr, nice, sys, iowait, irq, soft, steal, guest, idle
12.2866666667, 0.0, 44.4633333333, 0.02, 0.0, 25.86, 0.0, 0.0, 17.37
