usr, nice, sys, iowait, irq, soft, steal, guest, idle
8.87, 0.0, 32.7833333333, 0.0166666666667, 0.0, 12.2466666667, 0.0, 0.0, 46.08
