usr, nice, sys, iowait, irq, soft, steal, guest, idle
8.59, 0.0, 30.0333333333, 0.0233333333333, 0.0, 13.5566666667, 0.0, 0.0, 47.8
