usr, nice, sys, iowait, irq, soft, steal, guest, idle
9.95666666667, 0.0, 34.7233333333, 0.07, 0.0, 16.29, 0.0, 0.0, 38.96
