usr, nice, sys, iowait, irq, soft, steal, guest, idle
10.09, 0.0, 37.5233333333, 0.02, 0.0, 21.4266666667, 0.0, 0.0, 30.95
