usr, nice, sys, iowait, irq, soft, steal, guest, idle
10.2633333333, 0.0, 35.79, 0.02, 0.0133333333333, 16.6266666667, 0.0, 0.0, 37.2866666667
