usr, nice, sys, iowait, irq, soft, steal, guest, idle
9.86333333333, 0.0, 43.84, 0.03, 0.0, 20.58, 0.0, 0.0, 25.6933333333
