usr, nice, sys, iowait, irq, soft, steal, guest, idle
10.51, 0.0, 40.87, 0.0166666666667, 0.0, 20.4966666667, 0.0, 0.0, 28.11
