usr, nice, sys, iowait, irq, soft, steal, guest, idle
12.0166666667, 0.0, 42.28, 0.0166666666667, 0.0, 18.7366666667, 0.0, 0.0, 26.95
