usr, nice, sys, iowait, irq, soft, steal, guest, idle
8.97333333333, 0.0, 40.38, 0.0166666666667, 0.0, 21.3766666667, 0.0, 0.0, 29.26
