usr, nice, sys, iowait, irq, soft, steal, guest, idle
8.62333333333, 0.0, 32.9966666667, 0.126666666667, 0.0, 16.63, 0.0, 0.0, 41.63
