usr, nice, sys, iowait, irq, soft, steal, guest, idle
10.7033333333, 0.0, 41.9833333333, 0.02, 0.0, 19.6333333333, 0.0, 0.0, 27.66
