usr, nice, sys, iowait, irq, soft, steal, guest, idle
8.92, 0.0, 33.2233333333, 0.0666666666667, 0.0, 16.6033333333, 0.0, 0.0, 41.1833333333
