usr, nice, sys, iowait, irq, soft, steal, guest, idle
10.8533333333, 0.0, 41.39, 0.02, 0.0, 19.4366666667, 0.0, 0.0, 28.2966666667
