usr, nice, sys, iowait, irq, soft, steal, guest, idle
10.7666666667, 0.0, 40.8933333333, 0.0233333333333, 0.00333333333333, 19.6066666667, 0.0, 0.0, 28.7133333333
