usr, nice, sys, iowait, irq, soft, steal, guest, idle
11.43, 0.0, 43.8866666667, 0.0166666666667, 0.00333333333333, 18.79, 0.0, 0.0, 25.8766666667
