usr, nice, sys, iowait, irq, soft, steal, guest, idle
0.463333333333, 0.0, 3.18333333333, 0.0233333333333, 0.0233333333333, 3.55666666667, 0.0, 0.0, 92.75
