usr, nice, sys, iowait, irq, soft, steal, guest, idle
0.493333333333, 0.0, 3.66666666667, 0.02, 0.0266666666667, 1.1, 0.0, 0.0, 94.69
