usr, nice, sys, iowait, irq, soft, steal, guest, idle
12.7266666667, 0.0, 49.0466666667, 0.0, 0.00333333333333, 34.6933333333, 0.0, 0.0, 3.54
