usr, nice, sys, iowait, irq, soft, steal, guest, idle
9.91, 0.0, 45.4466666667, 0.0133333333333, 0.0, 20.1366666667, 0.0, 0.0, 24.4933333333
