usr, nice, sys, iowait, irq, soft, steal, guest, idle
11.12, 0.0, 41.8633333333, 0.02, 0.0, 20.04, 0.0, 0.0, 26.9533333333
