usr, nice, sys, iowait, irq, soft, steal, guest, idle
0.313333333333, 0.0, 3.27666666667, 0.02, 0.0, 3.46333333333, 0.0, 0.0, 92.9233333333
