usr, nice, sys, iowait, irq, soft, steal, guest, idle
0.263333333333, 0.0, 3.12666666667, 0.0166666666667, 0.0, 3.48666666667, 0.0, 0.0, 93.1066666667
