usr, nice, sys, iowait, irq, soft, steal, guest, idle
6.51666666667, 0.0, 24.7066666667, 0.02, 0.0, 5.58666666667, 0.0, 0.0, 63.17
