usr, nice, sys, iowait, irq, soft, steal, guest, idle
6.19333333333, 0.0, 24.0233333333, 0.0333333333333, 0.0, 6.12666666667, 0.0, 0.0, 63.6266666667
