usr, nice, sys, iowait, irq, soft, steal, guest, idle
12.8433333333, 0.0, 48.9133333333, 0.0133333333333, 0.00333333333333, 26.28, 0.0, 0.0, 11.9466666667
