usr, nice, sys, iowait, irq, soft, steal, guest, idle
10.8233333333, 0.0, 41.42, 0.02, 0.0, 19.3533333333, 0.0, 0.0, 28.38
