usr, nice, sys, iowait, irq, soft, steal, guest, idle
12.9333333333, 0.0, 49.6733333333, 0.0, 0.0, 33.9333333333, 0.0, 0.0, 3.46
