usr, nice, sys, iowait, irq, soft, steal, guest, idle
13.0433333333, 0.0, 49.81, 0.0, 0.0, 33.68, 0.0, 0.0, 3.46666666667
