usr, nice, sys, iowait, irq, soft, steal, guest, idle
13.76, 0.0, 48.4466666667, 0.00666666666667, 0.00666666666667, 7.15333333333, 0.0, 0.0, 30.6333333333
