usr, nice, sys, iowait, irq, soft, steal, guest, idle
13.3466666667, 0.0, 49.8666666667, 0.0, 0.00333333333333, 33.3166666667, 0.0, 0.0, 3.46666666667
