usr, nice, sys, iowait, irq, soft, steal, guest, idle
13.4766666667, 0.0, 50.28, 0.0, 0.00333333333333, 34.2366666667, 0.0, 0.0, 2.00666666667
