usr, nice, sys, iowait, irq, soft, steal, guest, idle
13.2433333333, 0.0, 50.3733333333, 0.0, 0.0, 32.89, 0.0, 0.0, 3.49333333333
