usr, nice, sys, iowait, irq, soft, steal, guest, idle
15.9133333333, 0.0, 44.6433333333, 0.00333333333333, 0.04, 18.3266666667, 0.0, 0.0, 21.0733333333
