usr, nice, sys, iowait, irq, soft, steal, guest, idle
0.34, 0.0, 2.62666666667, 0.0266666666667, 0.0233333333333, 2.85, 0.0, 0.0, 94.14
