usr, nice, sys, iowait, irq, soft, steal, guest, idle
0.446666666667, 0.0, 3.57333333333, 0.02, 0.0, 4.63, 0.0, 0.0, 91.3266666667
