usr, nice, sys, iowait, irq, soft, steal, guest, idle
5.82333333333, 0.0, 23.0866666667, 0.0233333333333, 0.0, 7.0, 0.0, 0.0, 64.0666666667
