usr, nice, sys, iowait, irq, soft, steal, guest, idle
12.5633333333, 0.0, 48.86, 0.0, 0.01, 33.8133333333, 0.0, 0.0, 4.76
