usr, nice, sys, iowait, irq, soft, steal, guest, idle
12.19, 0.0, 47.7933333333, 0.0, 0.00333333333333, 36.6466666667, 0.0, 0.0, 3.37
