usr, nice, sys, iowait, irq, soft, steal, guest, idle
8.79666666667, 0.0, 33.3433333333, 0.03, 0.0, 16.77, 0.0, 0.0, 41.0633333333
