usr, nice, sys, iowait, irq, soft, steal, guest, idle
8.75666666667, 0.0, 32.8166666667, 0.0433333333333, 0.0, 16.7466666667, 0.0, 0.0, 41.6366666667
