usr, nice, sys, iowait, irq, soft, steal, guest, idle
12.2433333333, 0.0, 46.7966666667, 0.0166666666667, 0.0, 26.5166666667, 0.0, 0.0, 14.42
