usr, nice, sys, iowait, irq, soft, steal, guest, idle
12.1566666667, 0.0, 47.56, 0.0166666666667, 0.0, 26.9766666667, 0.0, 0.0, 13.2966666667
