usr, nice, sys, iowait, irq, soft, steal, guest, idle
12.5666666667, 0.0, 46.7366666667, 0.0133333333333, 0.0, 26.5033333333, 0.0, 0.0, 14.1833333333
