usr, nice, sys, iowait, irq, soft, steal, guest, idle
6.30333333333, 0.0, 23.33, 0.0266666666667, 0.0, 15.0533333333, 0.0, 0.0, 55.2833333333
8.17333333333, 0.0, 30.9433333333, 0.13, 0.0, 16.6833333333, 0.0, 0.0, 44.0766666667
8.30666666667, 0.0, 31.75, 0.146666666667, 0.0, 16.6833333333, 0.0, 0.0, 43.11
8.96, 0.0, 32.5833333333, 0.14, 0.0, 16.6233333333, 0.0, 0.0, 41.6866666667
9.11333333333, 0.0, 32.7466666667, 0.123333333333, 0.0, 16.6666666667, 0.0, 0.0, 41.3433333333
8.76, 0.0, 33.27, 0.113333333333, 0.0, 16.6633333333, 0.0, 0.0, 41.2
9.63666666667, 0.0, 33.8133333333, 0.106666666667, 0.0, 16.5833333333, 0.0, 0.0, 39.8566666667
9.17, 0.0, 33.71, 0.0533333333333, 0.0, 16.6333333333, 0.0, 0.0, 40.43
