usr, nice, sys, iowait, irq, soft, steal, guest, idle
8.06, 0.0, 30.0566666667, 0.13, 0.0, 16.7333333333, 0.0, 0.0, 45.0233333333
8.28333333333, 0.0, 31.6966666667, 0.133333333333, 0.0, 16.6766666667, 0.0, 0.0, 43.2066666667
8.69333333333, 0.0, 32.4, 0.116666666667, 0.0, 16.68, 0.0, 0.0, 42.1066666667
9.56666666667, 0.0, 33.5133333333, 0.133333333333, 0.0, 16.6366666667, 0.0, 0.0, 40.1466666667
8.74333333333, 0.0, 33.2233333333, 0.0833333333333, 0.0, 16.6166666667, 0.0, 0.0, 41.33
8.90666666667, 0.0, 33.84, 0.0366666666667, 0.0, 16.61, 0.0, 0.0, 40.6066666667
9.25, 0.0, 33.8333333333, 0.0333333333333, 0.0, 16.6233333333, 0.0, 0.0, 40.2566666667
8.84333333333, 0.0, 34.39, 0.03, 0.0, 16.5733333333, 0.0, 0.0, 40.1633333333
