usr, nice, sys, iowait, irq, soft, steal, guest, idle
13.1833333333, 0.0, 49.9666666667, 0.0, 0.00333333333333, 33.3366666667, 0.0, 0.0, 3.50666666667
