usr, nice, sys, iowait, irq, soft, steal, guest, idle
8.12666666667, 0.0, 30.9366666667, 0.166666666667, 0.0, 16.45, 0.0, 0.0, 44.32
