usr, nice, sys, iowait, irq, soft, steal, guest, idle
8.90333333333, 0.0, 34.1133333333, 0.02, 0.0, 12.3733333333, 0.0, 0.0, 44.59
