usr, nice, sys, iowait, irq, soft, steal, guest, idle
8.71, 0.0, 33.7833333333, 0.0233333333333, 0.0, 12.5466666667, 0.0, 0.0, 44.94
