usr, nice, sys, iowait, irq, soft, steal, guest, idle
8.28333333333, 0.0, 31.31, 0.12, 0.0, 16.42, 0.0, 0.0, 43.8666666667
