usr, nice, sys, iowait, irq, soft, steal, guest, idle
8.25333333333, 0.0, 32.0733333333, 0.02, 0.00333333333333, 13.7566666667, 0.0, 0.0, 45.8933333333
