usr, nice, sys, iowait, irq, soft, steal, guest, idle
9.23666666667, 0.0, 33.35, 0.0166666666667, 0.0, 12.7633333333, 0.0, 0.0, 44.6333333333
