usr, nice, sys, iowait, irq, soft, steal, guest, idle
9.98666666667, 0.0, 35.31, 0.0166666666667, 0.0, 17.01, 0.0, 0.0, 37.6766666667
