usr, nice, sys, iowait, irq, soft, steal, guest, idle
7.81666666667, 0.0, 26.8733333333, 0.0133333333333, 0.0, 1.53333333333, 0.0, 0.0, 63.7666666667
