usr, nice, sys, iowait, irq, soft, steal, guest, idle
8.65333333333, 0.0, 32.5266666667, 0.0133333333333, 0.00333333333333, 12.6066666667, 0.0, 0.0, 46.2
