usr, nice, sys, iowait, irq, soft, steal, guest, idle
13.9966666667, 0.0, 48.8566666667, 0.0, 0.01, 36.4266666667, 0.0, 0.0, 0.71
