usr, nice, sys, iowait, irq, soft, steal, guest, idle
12.53, 0.0, 48.8666666667, 0.0, 0.0, 35.1166666667, 0.0, 0.0, 3.48333333333
