usr, nice, sys, iowait, irq, soft, steal, guest, idle
13.2433333333, 0.0, 50.71, 0.0, 0.0, 34.25, 0.0, 0.0, 1.79333333333
