usr, nice, sys, iowait, irq, soft, steal, guest, idle
12.94, 0.0, 49.6266666667, 0.0, 0.00333333333333, 33.94, 0.0, 0.0, 3.49666666667
