usr, nice, sys, iowait, irq, soft, steal, guest, idle
10.8633333333, 0.0, 49.0133333333, 0.0166666666667, 0.0, 28.1133333333, 0.0, 0.0, 11.9933333333
