usr, nice, sys, iowait, irq, soft, steal, guest, idle
9.07333333333, 0.0, 33.35, 0.0233333333333, 0.0, 16.7833333333, 0.0, 0.0, 40.7666666667
