usr, nice, sys, iowait, irq, soft, steal, guest, idle
10.2966666667, 0.0, 39.2533333333, 0.0233333333333, 0.0, 20.6366666667, 0.0, 0.0, 29.7833333333
