usr, nice, sys, iowait, irq, soft, steal, guest, idle
14.16, 0.0, 50.7866666667, 0.00666666666667, 0.0, 31.2466666667, 0.0, 0.0, 3.80666666667
