usr, nice, sys, iowait, irq, soft, steal, guest, idle
0.363333333333, 0.0, 2.87, 0.0166666666667, 0.0, 2.88333333333, 0.0, 0.0, 93.8633333333
