usr, nice, sys, iowait, irq, soft, steal, guest, idle
10.4566666667, 0.0, 40.2066666667, 0.0233333333333, 0.00333333333333, 20.47, 0.0, 0.0, 28.8433333333
