usr, nice, sys, iowait, irq, soft, steal, guest, idle
12.46, 0.0, 49.0, 0.0, 0.00333333333333, 35.0033333333, 0.0, 0.0, 3.53
