usr, nice, sys, iowait, irq, soft, steal, guest, idle
9.75, 0.0, 34.7966666667, 0.02, 0.0, 16.95, 0.0, 0.0, 38.4866666667
