usr, nice, sys, iowait, irq, soft, steal, guest, idle
13.03, 0.0, 49.8866666667, 0.0, 0.0, 33.6066666667, 0.0, 0.0, 3.47666666667
