usr, nice, sys, iowait, irq, soft, steal, guest, idle
13.9966666667, 0.0, 51.6566666667, 0.0, 0.0, 31.3466666667, 0.0, 0.0, 3.00333333333
