usr, nice, sys, iowait, irq, soft, steal, guest, idle
11.8166666667, 0.0, 42.61, 0.0233333333333, 0.0, 26.5866666667, 0.0, 0.0, 18.96
