usr, nice, sys, iowait, irq, soft, steal, guest, idle
6.08333333333, 0.0, 22.8966666667, 0.0266666666667, 0.00333333333333, 6.79333333333, 0.0, 0.0, 64.2066666667
