usr, nice, sys, iowait, irq, soft, steal, guest, idle
4.64, 0.0, 16.1733333333, 0.03, 0.0, 11.5133333333, 0.0, 0.0, 67.6433333333
