usr, nice, sys, iowait, irq, soft, steal, guest, idle
14.36, 0.0, 51.1766666667, 0.0, 0.0, 31.4966666667, 0.0, 0.0, 2.96666666667
