usr, nice, sys, iowait, irq, soft, steal, guest, idle
2.39333333333, 0.0, 8.13333333333, 0.02, 0.0, 5.63666666667, 0.0, 0.0, 83.8166666667
4.64, 0.0, 16.1733333333, 0.03, 0.0, 11.5133333333, 0.0, 0.0, 67.6433333333
9.95666666667, 0.0, 34.7233333333, 0.07, 0.0, 16.29, 0.0, 0.0, 38.96
14.75, 0.0, 42.57, 0.0166666666667, 0.0, 17.0066666667, 0.0, 0.0, 25.6566666667
16.71, 0.0, 42.8466666667, 0.0166666666667, 0.0, 17.2333333333, 0.0, 0.0, 23.2
