usr, nice, sys, iowait, irq, soft, steal, guest, idle
3.00666666667, 0.0, 11.9133333333, 0.0266666666667, 0.0, 2.49, 0.0, 0.0, 82.56
6.08333333333, 0.0, 22.8966666667, 0.0266666666667, 0.00333333333333, 6.79333333333, 0.0, 0.0, 64.2066666667
8.87, 0.0, 32.7833333333, 0.0166666666667, 0.0, 12.2466666667, 0.0, 0.0, 46.08
11.2366666667, 0.0, 41.6866666667, 0.0233333333333, 0.0, 18.1766666667, 0.0, 0.0, 28.8766666667
12.34, 0.0, 44.14, 0.0166666666667, 0.0, 26.0366666667, 0.0, 0.0, 17.47
13.6433333333, 0.0, 51.4833333333, 0.0, 0.0, 31.8866666667, 0.0, 0.0, 2.98333333333
13.97, 0.0, 51.6833333333, 0.0, 0.0, 31.5666666667, 0.0, 0.0, 2.78
14.6866666667, 0.0, 52.6, 0.0, 0.0, 30.16, 0.0, 0.0, 2.55666666667
14.8366666667, 0.0, 51.1866666667, 0.00666666666667, 0.00333333333333, 30.8466666667, 0.0, 0.0, 3.12
