usr, nice, sys, iowait, irq, soft, steal, guest, idle
11.96, 0.0, 46.1733333333, 0.02, 0.0, 18.2666666667, 0.0, 0.0, 23.5866666667
