usr, nice, sys, iowait, irq, soft, steal, guest, idle
12.99, 0.0, 49.9333333333, 0.0, 0.0, 33.5933333333, 0.0, 0.0, 3.48333333333
