usr, nice, sys, iowait, irq, soft, steal, guest, idle
5.98, 0.0, 22.0066666667, 0.0233333333333, 0.0, 7.28, 0.0, 0.0, 64.72
