usr, nice, sys, iowait, irq, soft, steal, guest, idle
11.5233333333, 0.0, 42.9166666667, 0.01, 0.01, 6.23, 0.0, 0.0, 39.3166666667
