usr, nice, sys, iowait, irq, soft, steal, guest, idle
12.89, 0.0, 48.6866666667, 0.0, 0.01, 37.71, 0.0, 0.0, 0.713333333333
