usr, nice, sys, iowait, irq, soft, steal, guest, idle
12.83, 0.0, 49.6866666667, 0.0, 0.0, 34.0133333333, 0.0, 0.0, 3.46666666667
