usr, nice, sys, iowait, irq, soft, steal, guest, idle
13.0766666667, 0.0, 50.2433333333, 0.0, 0.0, 33.31, 0.0, 0.0, 3.37333333333
