usr, nice, sys, iowait, irq, soft, steal, guest, idle
9.68, 0.0, 35.0366666667, 0.0233333333333, 0.0, 16.8533333333, 0.0, 0.0, 38.41
