usr, nice, sys, iowait, irq, soft, steal, guest, idle
9.88333333333, 0.0, 34.2966666667, 0.0266666666667, 0.0, 16.86, 0.0, 0.0, 38.9366666667
