usr, nice, sys, iowait, irq, soft, steal, guest, idle
13.4466666667, 0.0, 49.4433333333, 0.0, 0.00333333333333, 33.6633333333, 0.0, 0.0, 3.44666666667
