usr, nice, sys, iowait, irq, soft, steal, guest, idle
13.04, 0.0, 50.4233333333, 0.0, 0.0, 33.16, 0.0, 0.0, 3.37666666667
