usr, nice, sys, iowait, irq, soft, steal, guest, idle
8.64, 0.0, 31.0466666667, 0.0166666666667, 0.0, 13.07, 0.0, 0.0, 47.2233333333
