usr, nice, sys, iowait, irq, soft, steal, guest, idle
13.0166666667, 0.0, 48.6733333333, 0.0, 0.0, 33.69, 0.0, 0.0, 4.61666666667
