usr, nice, sys, iowait, irq, soft, steal, guest, idle
2.32333333333, 0.0, 8.25333333333, 0.02, 0.0, 5.57, 0.0, 0.0, 83.8366666667
