usr, nice, sys, iowait, irq, soft, steal, guest, idle
12.95, 0.0, 49.0033333333, 0.00333333333333, 0.00333333333333, 33.45, 0.0, 0.0, 4.59666666667
