usr, nice, sys, iowait, irq, soft, steal, guest, idle
9.7, 0.0, 35.1633333333, 0.0233333333333, 0.0, 17.0333333333, 0.0, 0.0, 38.0833333333
