usr, nice, sys, iowait, irq, soft, steal, guest, idle
9.61, 0.0, 35.03, 0.0233333333333, 0.0, 17.0666666667, 0.0, 0.0, 38.2733333333
