usr, nice, sys, iowait, irq, soft, steal, guest, idle
6.99, 0.0, 25.2666666667, 0.0166666666667, 0.0566666666667, 3.15, 0.0, 0.0, 64.52
