usr, nice, sys, iowait, irq, soft, steal, guest, idle
3.47333333333, 0.0, 11.6433333333, 0.0166666666667, 0.0, 2.12333333333, 0.0, 0.0, 82.7466666667
