usr, nice, sys, iowait, irq, soft, steal, guest, idle
13.4733333333, 0.0, 49.9333333333, 0.00333333333333, 0.02, 31.93, 0.0, 0.0, 4.64
