usr, nice, sys, iowait, irq, soft, steal, guest, idle
13.2666666667, 0.0, 50.03, 0.00333333333333, 0.0166666666667, 31.87, 0.0, 0.0, 4.82
