usr, nice, sys, iowait, irq, soft, steal, guest, idle
12.9866666667, 0.0, 50.0333333333, 0.0, 0.0, 33.5166666667, 0.0, 0.0, 3.46333333333
