usr, nice, sys, iowait, irq, soft, steal, guest, idle
13.0133333333, 0.0, 50.3766666667, 0.0, 0.00333333333333, 32.7533333333, 0.0, 0.0, 3.85333333333
