usr, nice, sys, iowait, irq, soft, steal, guest, idle
13.1066666667, 0.0, 50.3666666667, 0.0, 0.00333333333333, 32.6633333333, 0.0, 0.0, 3.86666666667
