usr, nice, sys, iowait, irq, soft, steal, guest, idle
12.8766666667, 0.0, 49.64, 0.0, 0.0, 33.28, 0.0, 0.0, 4.20666666667
