usr, nice, sys, iowait, irq, soft, steal, guest, idle
9.88666666667, 0.0, 34.8066666667, 0.03, 0.0, 17.0233333333, 0.0, 0.0, 38.2566666667
