usr, nice, sys, iowait, irq, soft, steal, guest, idle
9.71666666667, 0.0, 40.9233333333, 0.02, 0.0, 20.9366666667, 0.0, 0.0, 28.4033333333
