usr, nice, sys, iowait, irq, soft, steal, guest, idle
13.8933333333, 0.0, 51.58, 0.0, 0.0, 31.5633333333, 0.0, 0.0, 2.96666666667
