usr, nice, sys, iowait, irq, soft, steal, guest, idle
11.9233333333, 0.0, 45.3333333333, 0.0166666666667, 0.0, 27.5233333333, 0.0, 0.0, 15.2033333333
