usr, nice, sys, iowait, irq, soft, steal, guest, idle
9.23, 0.0, 41.5566666667, 0.0233333333333, 0.0, 21.0066666667, 0.0, 0.0, 28.1833333333
