usr, nice, sys, iowait, irq, soft, steal, guest, idle
11.7966666667, 0.0, 43.07, 0.0133333333333, 0.0, 18.8733333333, 0.0, 0.0, 26.25
