usr, nice, sys, iowait, irq, soft, steal, guest, idle
9.17, 0.0, 33.71, 0.0533333333333, 0.0, 16.6333333333, 0.0, 0.0, 40.43
