usr, nice, sys, iowait, irq, soft, steal, guest, idle
8.84333333333, 0.0, 34.39, 0.03, 0.0, 16.5733333333, 0.0, 0.0, 40.1633333333
