usr, nice, sys, iowait, irq, soft, steal, guest, idle
2.64333333333, 0.0, 12.7633333333, 0.0266666666667, 0.0, 2.62333333333, 0.0, 0.0, 81.9433333333
