usr, nice, sys, iowait, irq, soft, steal, guest, idle
3.21333333333, 0.0, 12.4866666667, 0.0133333333333, 0.0, 2.23333333333, 0.0, 0.0, 82.0566666667
