usr, nice, sys, iowait, irq, soft, steal, guest, idle
16.4666666667, 0.0, 50.8833333333, 0.00333333333333, 0.0233333333333, 25.99, 0.0, 0.0, 6.63333333333
