usr, nice, sys, iowait, irq, soft, steal, guest, idle
1.42666666667, 0.0, 6.54333333333, 0.0133333333333, 0.0, 0.766666666667, 0.0, 0.0, 91.24
