usr, nice, sys, iowait, irq, soft, steal, guest, idle
0.216666666667, 0.0, 2.01666666667, 0.0166666666667, 0.0133333333333, 1.97333333333, 0.0, 0.0, 95.76
