usr, nice, sys, iowait, irq, soft, steal, guest, idle
14.6366666667, 0.0, 51.28, 0.0, 0.0, 31.0966666667, 0.0, 0.0, 2.98333333333
