usr, nice, sys, iowait, irq, soft, steal, guest, idle
13.4033333333, 0.0, 52.0533333333, 0.0, 0.0, 30.7366666667, 0.0, 0.0, 3.81
