usr, nice, sys, iowait, irq, soft, steal, guest, idle
9.11, 0.0, 33.61, 0.0366666666667, 0.0, 16.6266666667, 0.0, 0.0, 40.6133333333
