usr, nice, sys, iowait, irq, soft, steal, guest, idle
12.1033333333, 0.0, 47.1966666667, 0.0, 0.0, 37.33, 0.0, 0.0, 3.36666666667
