usr, nice, sys, iowait, irq, soft, steal, guest, idle
13.38, 0.0, 51.1933333333, 0.00333333333333, 0.00333333333333, 31.8333333333, 0.0, 0.0, 3.59
