usr, nice, sys, iowait, irq, soft, steal, guest, idle
0.83, 0.0, 4.71, 0.0166666666667, 0.0, 0.456666666667, 0.0, 0.0, 93.9866666667
