usr, nice, sys, iowait, irq, soft, steal, guest, idle
13.33, 0.0, 50.5833333333, 0.0, 0.0, 34.2966666667, 0.0, 0.0, 1.79666666667
