usr, nice, sys, iowait, irq, soft, steal, guest, idle
9.70666666667, 0.0, 35.61, 0.0166666666667, 0.00666666666667, 21.2233333333, 0.0, 0.0, 33.44
