usr, nice, sys, iowait, irq, soft, steal, guest, idle
13.17, 0.0, 49.7366666667, 0.0, 0.0, 33.56, 0.0, 0.0, 3.53333333333
