usr, nice, sys, iowait, irq, soft, steal, guest, idle
9.53, 0.0, 33.92, 0.02, 0.00333333333333, 11.3333333333, 0.0, 0.0, 45.1966666667
