usr, nice, sys, iowait, irq, soft, steal, guest, idle
9.04333333333, 0.0, 41.0466666667, 0.0166666666667, 0.0, 21.4933333333, 0.0, 0.0, 28.3933333333
