usr, nice, sys, iowait, irq, soft, steal, guest, idle
10.3666666667, 0.0, 39.4633333333, 0.02, 0.0, 20.8733333333, 0.0, 0.0, 29.2733333333
