usr, nice, sys, iowait, irq, soft, steal, guest, idle
8.96, 0.0, 32.5833333333, 0.14, 0.0, 16.6233333333, 0.0, 0.0, 41.6866666667
