usr, nice, sys, iowait, irq, soft, steal, guest, idle
9.56666666667, 0.0, 33.5133333333, 0.133333333333, 0.0, 16.6366666667, 0.0, 0.0, 40.1466666667
