usr, nice, sys, iowait, irq, soft, steal, guest, idle
9.55, 0.0, 36.24, 0.0233333333333, 0.0, 21.3666666667, 0.0, 0.0, 32.8166666667
