usr, nice, sys, iowait, irq, soft, steal, guest, idle
8.39333333333, 0.0, 37.4033333333, 0.0233333333333, 0.00666666666667, 21.8833333333, 0.0, 0.0, 32.3
