usr, nice, sys, iowait, irq, soft, steal, guest, idle
6.0, 0.0, 24.2933333333, 0.02, 0.0, 6.58333333333, 0.0, 0.0, 63.1066666667
