usr, nice, sys, iowait, irq, soft, steal, guest, idle
14.34, 0.0, 50.0166666667, 0.0, 0.0433333333333, 24.0266666667, 0.0, 0.0, 11.5733333333
