usr, nice, sys, iowait, irq, soft, steal, guest, idle
8.80666666667, 0.0, 38.47, 0.0166666666667, 0.0, 22.0466666667, 0.0, 0.0, 30.6633333333
