usr, nice, sys, iowait, irq, soft, steal, guest, idle
8.74333333333, 0.0, 33.2233333333, 0.0833333333333, 0.0, 16.6166666667, 0.0, 0.0, 41.33
