usr, nice, sys, iowait, irq, soft, steal, guest, idle
9.11333333333, 0.0, 32.7466666667, 0.123333333333, 0.0, 16.6666666667, 0.0, 0.0, 41.3433333333
