usr, nice, sys, iowait, irq, soft, steal, guest, idle
10.5966666667, 0.0, 41.7366666667, 0.0166666666667, 0.0, 19.8166666667, 0.0, 0.0, 27.8333333333
