usr, nice, sys, iowait, irq, soft, steal, guest, idle
0.523333333333, 0.0, 3.70333333333, 0.02, 0.0133333333333, 0.766666666667, 0.0, 0.0, 94.9766666667
