usr, nice, sys, iowait, irq, soft, steal, guest, idle
8.25333333333, 0.0, 28.0833333333, 0.0133333333333, 0.0333333333333, 9.07, 0.0, 0.0, 54.55
