usr, nice, sys, iowait, irq, soft, steal, guest, idle
13.0633333333, 0.0, 49.5, 0.0, 0.00333333333333, 33.95, 0.0, 0.0, 3.48333333333
