usr, nice, sys, iowait, irq, soft, steal, guest, idle
13.3066666667, 0.0, 49.6766666667, 0.0, 0.0, 33.5366666667, 0.0, 0.0, 3.48333333333
