usr, nice, sys, iowait, irq, soft, steal, guest, idle
13.56, 0.0, 49.5933333333, 0.0, 0.00333333333333, 33.3933333333, 0.0, 0.0, 3.45333333333
