usr, nice, sys, iowait, irq, soft, steal, guest, idle
13.2533333333, 0.0, 51.09, 0.0, 0.0, 33.8633333333, 0.0, 0.0, 1.79333333333
