usr, nice, sys, iowait, irq, soft, steal, guest, idle
3.16333333333, 0.0, 11.01, 0.0133333333333, 0.0, 3.13333333333, 0.0, 0.0, 82.6866666667
