usr, nice, sys, iowait, irq, soft, steal, guest, idle
3.32666666667, 0.0, 11.6233333333, 0.0166666666667, 0.0, 2.19666666667, 0.0, 0.0, 82.8366666667
