usr, nice, sys, iowait, irq, soft, steal, guest, idle
2.77, 0.0, 7.66666666667, 0.0266666666667, 0.0, 5.67333333333, 0.0, 0.0, 83.8633333333
