usr, nice, sys, iowait, irq, soft, steal, guest, idle
2.39333333333, 0.0, 8.15, 0.0333333333333, 0.0, 5.60666666667, 0.0, 0.0, 83.82
