usr, nice, sys, iowait, irq, soft, steal, guest, idle
3.25666666667, 0.0, 12.4833333333, 0.02, 0.0, 1.89, 0.0, 0.0, 82.3533333333
