usr, nice, sys, iowait, irq, soft, steal, guest, idle
9.25, 0.0, 33.8333333333, 0.0333333333333, 0.0, 16.6233333333, 0.0, 0.0, 40.2566666667
