usr, nice, sys, iowait, irq, soft, steal, guest, idle
9.14333333333, 0.0, 41.74, 0.02, 0.0, 20.78, 0.0, 0.0, 28.3166666667
