usr, nice, sys, iowait, irq, soft, steal, guest, idle
9.63666666667, 0.0, 33.8133333333, 0.106666666667, 0.0, 16.5833333333, 0.0, 0.0, 39.8566666667
