usr, nice, sys, iowait, irq, soft, steal, guest, idle
12.43, 0.0, 42.01, 0.00666666666667, 0.07, 16.7133333333, 0.0, 0.0, 28.7733333333
