usr, nice, sys, iowait, irq, soft, steal, guest, idle
14.2966666667, 0.0, 51.2133333333, 0.00333333333333, 0.0, 31.5, 0.0, 0.0, 2.99333333333
