usr, nice, sys, iowait, irq, soft, steal, guest, idle
0.193333333333, 0.0, 2.52, 0.0166666666667, 0.0, 2.65666666667, 0.0, 0.0, 94.6166666667
