usr, nice, sys, iowait, irq, soft, steal, guest, idle
2.58666666667, 0.0, 7.9, 0.0233333333333, 0.0, 5.67333333333, 0.0, 0.0, 83.8166666667
