usr, nice, sys, iowait, irq, soft, steal, guest, idle
1.43333333333, 0.0, 6.62333333333, 0.0233333333333, 0.00333333333333, 0.706666666667, 0.0, 0.0, 91.21
