usr, nice, sys, iowait, irq, soft, steal, guest, idle
12.98, 0.0, 49.8233333333, 0.0, 0.00666666666667, 33.8133333333, 0.0, 0.0, 3.38
