usr, nice, sys, iowait, irq, soft, steal, guest, idle
10.5, 0.0, 38.2033333333, 0.02, 0.00333333333333, 20.53, 0.0, 0.0, 30.75
