usr, nice, sys, iowait, irq, soft, steal, guest, idle
11.03, 0.0, 49.24, 0.00333333333333, 0.00666666666667, 35.28, 0.0, 0.0, 4.45
