usr, nice, sys, iowait, irq, soft, steal, guest, idle
11.15, 0.0, 49.1766666667, 0.00333333333333, 0.00333333333333, 35.08, 0.0, 0.0, 4.59333333333
