usr, nice, sys, iowait, irq, soft, steal, guest, idle
13.9566666667, 0.0, 51.4633333333, 0.0, 0.0, 33.7633333333, 0.0, 0.0, 0.816666666667
