usr, nice, sys, iowait, irq, soft, steal, guest, idle
10.9533333333, 0.0, 36.0633333333, 0.00666666666667, 0.316666666667, 19.4833333333, 0.0, 0.0, 33.1733333333
