usr, nice, sys, iowait, irq, soft, steal, guest, idle
13.05, 0.0, 50.1933333333, 0.0, 0.00333333333333, 33.2866666667, 0.0, 0.0, 3.46666666667
