usr, nice, sys, iowait, irq, soft, steal, guest, idle
14.36, 0.0, 51.3, 0.00333333333333, 0.0, 31.35, 0.0, 0.0, 2.98666666667
