usr, nice, sys, iowait, irq, soft, steal, guest, idle
2.72666666667, 0.0, 10.11, 0.0133333333333, 0.0, 4.23, 0.0, 0.0, 82.9166666667
