usr, nice, sys, iowait, irq, soft, steal, guest, idle
12.97, 0.0, 49.57, 0.0, 0.0, 33.9266666667, 0.0, 0.0, 3.53333333333
