usr, nice, sys, iowait, irq, soft, steal, guest, idle
2.31333333333, 0.0, 7.82333333333, 0.0233333333333, 0.0, 6.01, 0.0, 0.0, 83.83
