usr, nice, sys, iowait, irq, soft, steal, guest, idle
12.3633333333, 0.0, 43.5933333333, 0.01, 0.206666666667, 29.7366666667, 0.0, 0.0, 14.09
