usr, nice, sys, iowait, irq, soft, steal, guest, idle
8.08666666667, 0.0, 27.5033333333, 0.0133333333333, 0.0266666666667, 9.05, 0.0, 0.0, 55.31
