usr, nice, sys, iowait, irq, soft, steal, guest, idle
12.8933333333, 0.0, 49.87, 0.0, 0.0, 33.77, 0.0, 0.0, 3.46666666667
