usr, nice, sys, iowait, irq, soft, steal, guest, idle
2.44666666667, 0.0, 8.23666666667, 0.02, 0.0, 5.46333333333, 0.0, 0.0, 83.8333333333
