usr, nice, sys, iowait, irq, soft, steal, guest, idle
3.18, 0.0, 12.39, 0.0133333333333, 0.0, 2.01666666667, 0.0, 0.0, 82.4033333333
